"id","product","start_date","end_date","time_spent_in_days"
,,,,
"A-102","Project A",,,0
,,,,
"A-105","Project A",,,0
,,,,
"A-108","Project A",,,0
,,,,
"A-109","Project A",,,0
,,,,
"A-127","Project A",,,0
,,,,
"A-112","Project A",,,0
,,,,
"A-115","Project A",,,0
,,,,
"A-129","Project A","10/03/2011","01/04/2011",15
,,,,
"A-125","Project A",,,0
,,,,
"A-131","Project A",,,0
,,,,
"A-134","Project A",,,0
,,,,
"A-135","Project A","01/04/2011","19/04/2011",7
,,,,
"A-142","Project A","23/02/2011","03/03/2011",4
,,,,
"A-145","Project A",,,0
,,,,
"A-149","Project A",,"12/11/2010",0
,,,,
"C-119","Project C",,,0
,,,,
"A-152","Project A",,,0
,,,,
"A-153","Project A",,,0
,,,,
"A-154","Project A",,,0
,,,,
"A-157","Project A",,,0
,,,,
"A-158","Project A",,,0
,,,,
"A-161","Project A",,,0
,,,,
"A-162","Project A",,,0
,,,,
"A-164","Project A",,,0
,,,,
"A-174","Project A",,,0
,,,,
"A-176","Project A",,,0
,,,,
"A-179","Project A",,,0
,,,,
"A-183","Project A",,,0
,,,,
"A-189","Project A",,,0
,,,,
"A-192","Project A",,,0
,,,,
"A-194","Project A",,,0
,,,,
"A-195","Project A",,,0
,,,,
"A-48","Project A",,,0
,,,,
"A-144","Project A",,,0
,,,,
"A-199","Project A","31/08/2010","03/12/2010",16
,,,,
"A-200","Project A","21/09/2010","22/09/2010",1
,,,,
"A-201","Project A","22/09/2010","03/12/2010",1
,,,,
"A-202","Project A","17/09/2010","03/12/2010",4
,,,,
"A-106","Project A","05/03/2010","03/12/2010",196
,,,,
"A-170","Project A","17/05/2010","03/12/2010",145
,,,,
"A-136","Project A","06/04/2010","03/12/2010",174
,,,,
"A-137","Project A","30/03/2010","03/12/2010",179
,,,,
"A-138","Project A","30/03/2010","03/12/2010",0
,,,,
"A-155","Project A","10/05/2010","03/12/2010",0
,,,,
"A-169","Project A","10/06/2010","03/12/2010",0
,,,,
"A-175","Project A","12/11/2010","03/12/2010",16
,,,,
"A-186","Project A","09/06/2010","03/12/2010",0
,,,,
"A-1","Project A","20/01/2010",,0
,,,,
"A-2","Project A","23/11/2009",,0
,,,,
"A-5","Project A","01/10/2009",,0
,,,,
"A-8","Project A","22/10/2009",,0
,,,,
"A-16","Project A","11/11/2009",,0
,,,,
"A-20","Project A","24/11/2009",,0
,,,,
"A-23","Project A","08/10/2009",,0
,,,,
"A-24","Project A","26/10/2009",,0
,,,,
"A-25","Project A","21/10/2009",,0
,,,,
"A-110","Project A","21/01/2010",,0
,,,,
"A-27","Project A","11/11/2009",,0
,,,,
"A-28","Project A","21/10/2009",,0
,,,,
"A-32","Project A","26/11/2009",,0
,,,,
"A-35","Project A","22/10/2009",,0
,,,,
"A-36","Project A","23/10/2009",,0
,,,,
"A-37","Project A","24/11/2009",,0
,,,,
"A-38","Project A","23/10/2009",,0
,,,,
"A-39","Project A","27/10/2009",,0
,,,,
"A-45","Project A","12/11/2009",,0
,,,,
"A-46","Project A","03/12/2009",,0
,,,,
"A-57","Project A","18/12/2009",,0
,,,,
"A-58","Project A","11/11/2009",,0
,,,,
"A-60","Project A","26/11/2009",,0
,,,,
"A-65","Project A","02/12/2009",,0
,,,,
"A-67","Project A","18/01/2010",,0
,,,,
"A-68","Project A","18/01/2010",,0
,,,,
"A-72","Project A","20/01/2010",,0
,,,,
"A-81","Project A","27/01/2010",,0
,,,,
"A-83","Project A","15/12/2009",,0
,,,,
"A-84","Project A","15/12/2009",,0
,,,,
"A-85","Project A","15/12/2009",,0
,,,,
"A-86","Project A","17/12/2009",,0
,,,,
"A-87","Project A","17/12/2009",,0
,,,,
"A-90","Project A","17/12/2009",,0
,,,,
"A-91","Project A","17/12/2009",,0
,,,,
"A-92","Project A","18/01/2010",,0
,,,,
"A-100","Project A","20/01/2010",,0
,,,,
"A-101","Project A","14/01/2010",,0
,,,,
"A-103","Project A","20/01/2010",,0
,,,,
"A-104","Project A","19/01/2010",,0
,,,,
"A-107","Project A","21/01/2010",,0
,,,,
"A-111","Project A","12/03/2010",,0
,,,,
"A-113","Project A","11/02/2010",,0
,,,,
"A-116","Project A","25/02/2010",,0
,,,,
"A-126","Project A","19/03/2010",,0
,,,,
"A-128","Project A","30/03/2010",,0
,,,,
"A-132","Project A","29/03/2010",,0
,,,,
"A-139","Project A","06/04/2010",,0
,,,,
"A-140","Project A","09/04/2010",,0
,,,,
"A-141","Project A","05/05/2010",,0
,,,,
"A-143","Project A","28/04/2010",,0
,,,,
"A-146","Project A","13/04/2010",,0
,,,,
"A-147","Project A","14/04/2010",,0
,,,,
"A-148","Project A","13/04/2010",,0
,,,,
"A-156","Project A","07/06/2010",,0
,,,,
"A-159","Project A","05/05/2010",,0
,,,,
"A-160","Project A","05/05/2010",,0
,,,,
"A-163","Project A","04/05/2010",,0
,,,,
"A-167","Project A","02/08/2010",,0
,,,,
"A-168","Project A","17/05/2010",,0
,,,,
"A-171","Project A","10/05/2010",,0
,,,,
"A-172","Project A","05/05/2010",,0
,,,,
"A-173","Project A","28/06/2010",,0
,,,,
"A-177","Project A","07/06/2010",,0
,,,,
"A-178","Project A","24/05/2010",,0
,,,,
"A-180","Project A","04/06/2010",,0
,,,,
"A-187","Project A","28/06/2010",,0
,,,,
"A-188","Project A","25/06/2010",,0
,,,,
"A-190","Project A","25/06/2010",,0
,,,,
"A-191","Project A","21/06/2010",,0
,,,,
"A-196","Project A","20/07/2010",,0
,,,,
"A-197","Project A","02/08/2010",,0
,,,,
"A-198","Project A","03/08/2010",,0
,,,,
"A-204","Project A",,,0
,,,,
"C-4","Project C",,,0
,,,,
"C-10","Project C",,,0
,,,,
"C-3","Project C",,,0
,,,,
"C-1","Project C",,,0
,,,,
"C-14","Project C",,,0
,,,,
"C-15","Project C",,"18/11/2011",0
,,,,
"C-17","Project C",,,0
,,,,
"C-21","Project C",,,0
,,,,
"C-25","Project C",,,0
,,,,
"C-31","Project C",,,0
,,,,
"C-63","Project C",,,0
,,,,
"C-37","Project C",,,0
,,,,
"C-49","Project C",,,0
,,,,
"C-51","Project C",,,0
,,,,
"C-54","Project C",,,0
,,,,
"C-56","Project C",,,0
,,,,
"C-59","Project C",,,0
,,,,
"C-62","Project C",,,0
,,,,
"C-64","Project C",,,0
,,,,
"C-65","Project C",,,0
,,,,
"C-71","Project C",,,0
,,,,
"C-72","Project C",,,0
,,,,
"C-79","Project C",,,0
,,,,
"C-83","Project C",,,0
,,,,
"C-81","Project C",,,0
,,,,
"C-84","Project C",,,0
,,,,
"C-85","Project C",,,0
,,,,
"C-95","Project C",,,0
,,,,
"C-97","Project C",,,0
,,,,
"C-98","Project C",,,0
,,,,
"C-101","Project C",,,0
,,,,
"C-76","Project C",,,0
,,,,
"C-11","Project C","22/03/2010","03/12/2010",185
,,,,
"C-7","Project C","04/09/2009",,0
,,,,
"C-6","Project C","04/09/2009",,0
,,,,
"C-8","Project C","04/09/2009",,0
,,,,
"C-5","Project C","20/10/2009",,0
,,,,
"C-2","Project C","09/10/2009",,0
,,,,
"C-9","Project C","26/10/2009",,0
,,,,
"C-12","Project C","14/10/2009",,0
,,,,
"C-13","Project C","04/11/2009",,0
,,,,
"C-16","Project C","06/04/2010",,0
,,,,
"C-75","Project C","08/02/2010",,0
,,,,
"C-18","Project C","05/11/2009",,0
,,,,
"C-19","Project C","05/11/2009",,0
,,,,
"C-20","Project C","18/11/2009",,0
,,,,
"C-22","Project C","16/11/2009",,0
,,,,
"C-23","Project C","04/11/2009",,0
,,,,
"C-24","Project C","18/11/2009",,0
,,,,
"C-26","Project C","30/11/2009",,0
,,,,
"C-27","Project C","18/11/2009",,0
,,,,
"C-28","Project C","12/11/2009",,0
,,,,
"C-29","Project C","03/12/2009",,0
,,,,
"C-30","Project C","13/11/2009",,0
,,,,
"C-32","Project C","30/11/2009",,0
,,,,
"C-43","Project C","11/01/2010",,0
,,,,
"C-33","Project C","16/12/2009",,0
,,,,
"C-36","Project C","09/03/2010",,0
,,,,
"C-38","Project C","22/12/2009",,0
,,,,
"C-40","Project C","30/11/2009",,0
,,,,
"C-41","Project C","30/11/2009",,0
,,,,
"C-42","Project C","02/12/2009",,0
,,,,
"C-45","Project C","02/12/2009",,0
,,,,
"C-46","Project C","03/12/2009",,0
,,,,
"C-47","Project C","03/12/2009",,0
,,,,
"C-48","Project C","08/12/2009",,0
,,,,
"C-50","Project C","09/12/2009",,0
,,,,
"C-52","Project C","10/12/2009",,0
,,,,
"C-53","Project C","14/01/2010",,0
,,,,
"C-55","Project C","14/12/2009",,0
,,,,
"C-57","Project C","08/02/2010",,0
,,,,
"C-58","Project C","14/12/2009",,0
,,,,
"C-60","Project C","14/12/2009",,0
,,,,
"C-61","Project C","12/01/2010",,0
,,,,
"C-67","Project C","12/01/2010",,0
,,,,
"C-68","Project C","18/01/2010",,0
,,,,
"C-73","Project C","28/01/2010",,0
,,,,
"C-74","Project C","11/03/2010",,0
,,,,
"C-77","Project C","05/02/2010",,0
,,,,
"C-78","Project C","22/02/2010",,0
,,,,
"C-80","Project C","11/03/2010",,0
,,,,
"C-82","Project C","09/03/2010",,0
,,,,
"C-86","Project C","26/05/2010",,0
,,,,
"C-87","Project C","17/05/2010",,0
,,,,
"C-88","Project C","25/05/2010",,0
,,,,
"C-102","Project C","02/08/2010",,0
,,,,
"C-103","Project C","02/08/2010",,0
,,,,
"C-104","Project C","02/08/2010",,0
,,,,
"C-106","Project C","05/08/2010",,0
,,,,
"S-12","Project S",,,0
,,,,
"S-13","Project S",,,0
,,,,
"S-14","Project S",,,0
,,,,
"S-15","Project S",,,0
,,,,
"S-17","Project S",,,0
,,,,
"S-18","Project S",,,0
,,,,
"S-19","Project S",,,0
,,,,
"S-20","Project S",,,0
,,,,
"S-22","Project S",,,0
,,,,
"S-37","Project S",,,0
,,,,
"S-21","Project S",,,0
,,,,
"S-23","Project S",,,0
,,,,
"S-26","Project S",,,0
,,,,
"S-25","Project S",,,0
,,,,
"S-29","Project S",,,0
,,,,
"S-30","Project S",,,0
,,,,
"S-31","Project S",,,0
,,,,
"S-34","Project S",,,0
,,,,
"S-36","Project S",,,0
,,,,
"S-38","Project S",,"28/09/2011",0
,,,,
"S-39","Project S",,,0
,,,,
"S-40","Project S",,,0
,,,,
"S-50","Project S",,,0
,,,,
"S-54","Project S",,,0
,,,,
"S-55","Project S",,,0
,,,,
"S-57","Project S",,,0
,,,,
"S-58","Project S",,,0
,,,,
"S-63","Project S",,,0
,,,,
"S-74","Project S","15/09/2010","13/10/2010",18
,,,,
"S-75","Project S",,,0
,,,,
"S-35","Project S",,,0
,,,,
"S-47","Project S",,,0
,,,,
"S-48","Project S","26/10/2010","18/01/2011",61
,,,,
"S-59","Project S",,,0
,,,,
"S-62","Project S",,,0
,,,,
"S-70","Project S",,,0
,,,,
"S-71","Project S",,,0
,,,,
"S-72","Project S",,,0
,,,,
"S-73","Project S",,,0
,,,,
"S-76","Project S","01/09/2010","04/01/2012",2
,,,,
"S-41","Project S",,,0
,,,,
"S-42","Project S",,,0
,,,,
"S-43","Project S",,,0
,,,,
"S-44","Project S",,,0
,,,,
"S-45","Project S",,,0
,,,,
"S-46","Project S",,,0
,,,,
"S-60","Project S","26/08/2010","03/12/2010",72
,,,,
"S-8","Project S","06/11/2009","03/12/2010",281
,,,,
"S-10","Project S","03/12/2009","03/12/2010",262
,,,,
"S-61","Project S","22/07/2010","03/12/2010",97
,,,,
"S-27","Project S","13/04/2010",,0
,,,,
"S-24","Project S","06/04/2010",,0
,,,,
"S-52","Project S","24/08/2010",,0
,,,,
"S-5","Project S","02/11/2009","04/01/2012",0
,,,,
"S-68","Project S","05/08/2010","04/01/2012",0
,,,,
"S-1","Project S","02/11/2009",,0
,,,,
"S-2","Project S","02/11/2009",,0
,,,,
"S-3","Project S","02/11/2009",,0
,,,,
"S-4","Project S","02/11/2009",,0
,,,,
"S-6","Project S","02/11/2009",,0
,,,,
"S-7","Project S","02/11/2009",,0
,,,,
"S-9","Project S","09/11/2009",,0
,,,,
"S-11","Project S","17/11/2009",,0
,,,,
"S-16","Project S","17/12/2009",,0
,,,,
"S-32","Project S","16/06/2010",,0
,,,,
"S-33","Project S","16/06/2010",,0
,,,,
"S-51","Project S","23/06/2010",,0
,,,,
"S-53","Project S","12/07/2010",,0
,,,,
"S-56","Project S","12/07/2010",,0
,,,,
"S-64","Project S","10/08/2010",,0
,,,,
"S-65","Project S","09/08/2010",,0
,,,,
"S-66","Project S","12/08/2010",,0
,,,,
"S-67","Project S","09/08/2010",,0
,,,,
"S-69","Project S","04/08/2010",,0
,,,,
"C-110","Project C",,,0
,,,,
"C-111","Project C","09/08/2010","27/08/2010",0
,,,,
"C-112","Project C","16/08/2010","27/08/2010",0
,,,,
"A-205","Project A",,,0
,,,,
"A-206","Project A","25/06/2010","27/08/2010",0
,,,,
"C-113","Project C","03/03/2010","27/08/2010",0
,,,,
"C-114","Project C","03/08/2010","27/08/2010",0
,,,,
"C-115","Project C","01/06/2010","27/08/2010",0
,,,,
"A-207","Project A",,,0
,,,,
"A-208","Project A",,,0
,,,,
"S-77","Project S","03/09/2010","08/10/2010",2
,,,,
"A-209","Project A",,,0
,,,,
"S-78","Project S",,,0
,,,,
"C-116","Project C","08/09/2010","14/10/2010",3
,,,,
"A-210","Project A",,,0
,,,,
"A-211","Project A",,,0
,,,,
"S-79","Project S",,,0
,,,,
"A-212","Project A",,,0
,,,,
"A-213","Project A","21/09/2010","13/10/2010",12
,,,,
"A-214","Project A","08/10/2010","13/10/2010",1
,,,,
"A-215","Project A","08/10/2010","26/11/2010",30
,,,,
"S-80","Project S",,,0
,,,,
"S-81","Project S",,,0
,,,,
"A-216","Project A","24/09/2010","08/10/2010",3
,,,,
"A-217","Project A","18/11/2010","29/11/2010",6
,,,,
"S-82","Project S",,,0
,,,,
"A-218","Project A","18/01/2011","18/01/2011",1
,,,,
"A-219","Project A",,,0
,,,,
"S-83","Project S",,,0
,,,,
"C-117","Project C",,,0
,,,,
"A-220","Project A","22/09/2010","01/10/2010",8
,,,,
"A-221","Project A","15/10/2010","25/10/2010",7
,,,,
"S-84","Project S","25/10/2010","25/10/2010",1
,,,,
"A-222","Project A","28/09/2010","13/10/2010",7
,,,,
"A-223","Project A",,,0
,,,,
"A-224","Project A",,,0
,,,,
"A-225","Project A","01/10/2010","13/10/2010",9
,,,,
"A-226","Project A","01/10/2010","08/10/2010",1
,,,,
"A-227","Project A","01/10/2010",,0
,,,,
"A-228","Project A","04/10/2010","03/11/2010",1
,,,,
"S-85","Project S",,,0
,,,,
"A-229","Project A","07/10/2010","08/10/2010",1
,,,,
"A-230","Project A",,,0
,,,,
"A-231","Project A","18/10/2010","26/11/2010",24
,,,,
"A-232","Project A",,,0
,,,,
"S-86","Project S",,,0
,,,,
"S-87","Project S",,,0
,,,,
"S-88","Project S",,,0
,,,,
"A-233","Project A","17/11/2010","26/11/2010",2
,,,,
"A-234","Project A","21/10/2010","21/10/2010",1
,,,,
"A-235","Project A",,,0
,,,,
"A-236","Project A","21/10/2010","21/10/2010",1
,,,,
"A-237","Project A","28/10/2010","12/11/2010",10
,,,,
"A-238","Project A",,,0
,,,,
"A-239","Project A","29/10/2010","15/11/2010",5
,,,,
"A-240","Project A","22/10/2010","03/11/2010",8
,,,,
"S-89","Project S","04/01/2011","04/01/2011",1
,,,,
"C-118","Project C","07/12/2010","06/01/2011",2
,,,,
"S-90","Project S","02/11/2010","14/12/2010",15
,,,,
"S-91","Project S",,,0
,,,,
"A-241","Project A","15/11/2010","26/11/2010",4
,,,,
"A-242","Project A",,,0
,,,,
"A-243","Project A","04/11/2010","08/11/2010",1
,,,,
"S-100","Project S","08/11/2010","14/12/2010",2
,,,,
"A-245","Project A","14/06/2011","15/06/2011",1
,,,,
"S-99","Project S","09/11/2010","14/12/2010",2
,,,,
"A-247","Project A","15/11/2010","26/11/2010",1
,,,,
"S-92","Project S",,,0
,,,,
"A-248","Project A","09/11/2010","12/11/2010",2
,,,,
"A-249","Project A","08/11/2010","12/11/2010",3
,,,,
"S-98","Project S",,,0
,,,,
"S-94","Project S","05/01/2011","12/01/2011",2
,,,,
"S-97","Project S",,,0
,,,,
"A-254","Project A",,,0
,,,,
"S-96","Project S","10/03/2011","25/03/2011",9
,,,,
"S-95","Project S","18/11/2010","14/12/2010",12
,,,,
"S-93","Project S",,"28/09/2011",0
,,,,
"A-258","Project A",,,0
,,,,
"C-120","Project C",,,0
,,,,
"S-101","Project S",,,0
,,,,
"A-259","Project A","14/12/2010","06/01/2011",18
,,,,
"A-260","Project A","12/01/2011","14/01/2011",3
,,,,
"A-261","Project A","12/01/2011","14/01/2011",3
,,,,
"A-262","Project A","24/11/2010","24/11/2010",1
,,,,
"A-263","Project A","24/11/2010","08/12/2010",5
,,,,
"A-264","Project A","14/12/2010","06/01/2011",17
,,,,
"A-265","Project A","25/11/2010","29/11/2010",3
,,,,
"A-266","Project A","30/11/2010","13/12/2010",10
,,,,
"C-121","Project C","03/12/2010","06/01/2011",10
,,,,
"A-269","Project A","03/12/2010","14/12/2010",1
,,,,
"S-102","Project S","04/02/2011","15/02/2011",5
,,,,
"A-270","Project A",,,0
,,,,
"A-271","Project A","04/01/2011","12/01/2011",7
,,,,
"A-272","Project A","06/12/2010","06/01/2011",24
,,,,
"A-274","Project A","10/12/2010","06/01/2011",2
,,,,
"A-275","Project A","12/01/2011","12/01/2011",1
,,,,
"A-276","Project A","01/04/2011","19/04/2011",7
,,,,
"A-277","Project A","12/01/2011","12/01/2011",1
,,,,
"A-278","Project A","18/11/2011",,1
,,,,
"A-279","Project A",,,0
,,,,
"A-280","Project A",,,0
,,,,
"S-104","Project S",,,0
,,,,
"A-281","Project A","12/01/2011",,0
,,,,
"A-282","Project A",,,0
,,,,
"A-283","Project A","13/01/2011","27/01/2011",1
,,,,
"A-284","Project A","11/02/2011","17/03/2011",1
,,,,
"A-285","Project A","19/01/2011","07/02/2011",11
,,,,
"A-286","Project A","01/02/2011","03/02/2011",2
,,,,
"S-105","Project S",,,0
,,,,
"A-287","Project A",,,0
,,,,
"C-124","Project C","20/01/2011","07/02/2011",11
,,,,
"A-289","Project A","01/03/2011","18/11/2011",8
,,,,
"A-290","Project A","08/02/2011","08/02/2011",1
,,,,
"A-291","Project A","04/02/2011","15/02/2011",1
,,,,
"A-292","Project A","03/02/2011","03/02/2011",1
,,,,
"A-293","Project A","23/02/2011","10/03/2011",7
,,,,
"A-294","Project A","02/02/2011","07/02/2011",2
,,,,
"A-295","Project A","14/02/2011","14/02/2011",1
,,,,
"A-296","Project A","04/03/2011","18/11/2011",1
,,,,
"A-297","Project A","27/01/2011","07/02/2011",4
,,,,
"C-122","Project C","31/01/2011","04/01/2012",243
,,,,
"C-123","Project C",,,0
,,,,
"A-298","Project A","01/02/2011","03/02/2011",2
,,,,
"S-106","Project S","10/02/2011","11/02/2011",1
,,,,
"S-107","Project S","04/02/2011","15/02/2011",4
,,,,
"S-108","Project S","03/02/2011","15/02/2011",1
,,,,
"S-109","Project S","03/02/2011","15/02/2011",6
,,,,
"A-299","Project A","11/02/2011","22/02/2011",2
,,,,
"A-300","Project A","04/02/2011","11/02/2011",1
,,,,
"A-301","Project A","11/02/2011","22/02/2011",7
,,,,
"A-302","Project A","07/02/2011","11/02/2011",1
,,,,
"A-303","Project A","10/02/2011","23/02/2011",8
,,,,
"A-304","Project A","26/04/2011","13/05/2011",1
,,,,
"A-305","Project A",,,0
,,,,
"S-110","Project S","28/02/2011","01/03/2011",2
,,,,
"A-306","Project A",,,0
,,,,
"A-307","Project A",,,0
,,,,
"A-308","Project A","10/03/2011","10/03/2011",1
,,,,
"S-111","Project S","24/02/2011","03/03/2011",3
,,,,
"S-112","Project S","21/02/2011","03/03/2011",1
,,,,
"S-113","Project S","22/02/2011","03/03/2011",2
,,,,
"A-309","Project A",,"23/08/2011",0
,,,,
"S-114","Project S","23/02/2011","03/03/2011",3
,,,,
"A-310","Project A","28/02/2011","14/03/2011",8
,,,,
"A-311","Project A","25/02/2011","28/02/2011",2
,,,,
"A-312","Project A",,,0
,,,,
"S-116","Project S",,,0
,,,,
"S-117","Project S","02/03/2011","04/01/2012",221
,,,,
"A-313","Project A",,,0
,,,,
"A-314","Project A","03/03/2011",,0
,,,,
"A-315","Project A","15/04/2011","11/05/2011",19
,,,,
"S-118","Project S","22/03/2011","07/04/2011",1
,,,,
"S-119","Project S",,,0
,,,,
"S-120","Project S","09/03/2011","05/04/2011",11
,,,,
"A-316","Project A","07/03/2011",,0
,,,,
"A-317","Project A",,,0
,,,,
"A-318","Project A",,,0
,,,,
"S-121","Project S","17/03/2011","07/04/2011",4
,,,,
"A-319","Project A",,,0
,,,,
"C-125","Project C","04/01/2012","04/01/2012",1
,,,,
"S-122","Project S",,,0
,,,,
"S-123","Project S","21/03/2011","07/04/2011",1
,,,,
"A-320","Project A","24/03/2011","01/04/2011",1
,,,,
"A-321","Project A","15/03/2011","17/03/2011",3
,,,,
"S-124","Project S","18/03/2011","22/03/2011",3
,,,,
"A-322","Project A",,"23/08/2011",0
,,,,
"S-125","Project S","23/03/2011",,0
,,,,
"A-323","Project A","23/03/2011","23/03/2011",1
,,,,
"A-324","Project A","24/03/2011","06/04/2011",7
,,,,
"S-126","Project S",,,0
,,,,
"A-325","Project A",,,0
,,,,
"A-326","Project A",,,0
,,,,
"A-327","Project A","24/03/2011","06/04/2011",7
,,,,
"A-328","Project A","25/03/2011",,0
,,,,
"A-329","Project A",,,0
,,,,
"A-330","Project A","01/04/2011","06/04/2011",1
,,,,
"A-331","Project A",,,0
,,,,
"A-332","Project A",,,0
,,,,
"S-127","Project S",,,0
,,,,
"A-333","Project A",,,0
,,,,
"A-334","Project A","12/04/2011","19/04/2011",2
,,,,
"A-335","Project A","05/05/2011","13/05/2011",2
,,,,
"A-336","Project A",,,0
,,,,
"A-337","Project A",,,0
,,,,
"S-128","Project S","16/09/2011","19/09/2011",2
,,,,
"S-129","Project S",,,0
,,,,
"S-130","Project S",,,0
,,,,
"S-131","Project S",,,0
,,,,
"A-338","Project A","20/04/2011","18/11/2011",2
,,,,
"A-339","Project A",,"13/04/2011",0
,,,,
"A-340","Project A","03/10/2011","03/10/2011",1
,,,,
"A-341","Project A","13/04/2011","19/04/2011",1
,,,,
"S-132","Project S","13/04/2011","12/05/2011",5
,,,,
"A-343","Project A","19/04/2011","10/05/2011",13
,,,,
"A-344","Project A","13/05/2011","14/06/2011",17
,,,,
"A-345","Project A","16/05/2011","14/06/2011",12
,,,,
"A-346","Project A",,,0
,,,,
"A-347","Project A",,,0
,,,,
"A-348","Project A","05/05/2011","17/05/2011",7
,,,,
"A-349","Project A","16/05/2011","24/05/2011",1
,,,,
"A-350","Project A","05/05/2011","24/05/2011",14
,,,,
"A-351","Project A",,,0
,,,,
"A-352","Project A",,,0
,,,,
"S-133","Project S",,,0
,,,,
"A-353","Project A",,,0
,,,,
"A-354","Project A","11/05/2011","17/05/2011",5
,,,,
"A-355","Project A","11/05/2011",,0
,,,,
"A-356","Project A","12/05/2011","12/05/2011",1
,,,,
"A-357","Project A","12/05/2011","12/05/2011",1
,,,,
"A-358","Project A","24/05/2011","24/05/2011",1
,,,,
"S-134","Project S","24/05/2011","08/06/2011",8
,,,,
"A-359","Project A","24/05/2011","06/06/2011",1
,,,,
"S-135","Project S","01/06/2011","04/07/2011",6
,,,,
"A-360","Project A","23/06/2011","04/07/2011",1
,,,,
"A-361","Project A","01/06/2011","04/07/2011",17
,,,,
"A-362","Project A","08/06/2011","15/06/2011",1
,,,,
"A-363","Project A",,,0
,,,,
"S-136","Project S","25/10/2011","25/10/2011",1
,,,,
"A-364","Project A",,,0
,,,,
"A-365","Project A","01/06/2011","01/06/2011",1
,,,,
"A-366","Project A",,,0
,,,,
"A-367","Project A","14/06/2011","15/06/2011",1
,,,,
"A-368","Project A",,,0
,,,,
"A-369","Project A","06/06/2011","15/06/2011",1
,,,,
"A-370","Project A",,"15/08/2011",0
,,,,
"A-371","Project A","14/06/2011","14/06/2011",1
,,,,
"A-372","Project A",,,0
,,,,
"A-373","Project A","13/06/2011","15/06/2011",1
,,,,
"A-374","Project A",,,0
,,,,
"S-137","Project S","25/10/2011","25/10/2011",1
,,,,
"A-375","Project A","08/07/2011","08/07/2011",1
,,,,
"A-376","Project A","12/07/2011","12/07/2011",1
,,,,
"S-138","Project S",,,0
,,,,
"S-139","Project S",,,0
,,,,
"C-126","Project C","21/06/2011","01/07/2011",2
,,,,
"C-127","Project C","10/06/2011","22/06/2011",5
,,,,
"A-377","Project A",,,0
,,,,
"S-140","Project S","21/06/2011","21/06/2011",1
,,,,
"A-378","Project A","16/06/2011","17/06/2011",1
,,,,
"S-141","Project S","23/06/2011","24/06/2011",2
,,,,
"S-142","Project S",,,0
,,,,
"C-128","Project C","22/06/2011","22/06/2011",1
,,,,
"A-379","Project A","21/06/2011","21/06/2011",1
,,,,
"A-380","Project A",,,0
,,,,
"C-129","Project C","29/06/2011",,0
,,,,
"S-144","Project S",,,0
,,,,
"S-145","Project S",,,0
,,,,
"A-381","Project A","04/07/2011","06/07/2011",1
,,,,
"A-382","Project A","12/07/2011","12/07/2011",1
,,,,
"A-383","Project A","08/07/2011","29/07/2011",1
,,,,
"C-130","Project C","07/07/2011","08/07/2011",1
,,,,
"C-131","Project C","04/01/2012","04/01/2012",1
,,,,
"A-384","Project A","01/07/2011","04/07/2011",1
,,,,
"C-132","Project C","15/08/2011","15/08/2011",1
,,,,
"A-385","Project A",,,0
,,,,
"A-386","Project A",,,0
,,,,
"A-387","Project A",,,0
,,,,
"A-388","Project A",,,0
,,,,
"A-389","Project A","07/09/2011","14/09/2011",1
,,,,
"A-391","Project A",,,0
,,,,
"C-133","Project C",,,0
,,,,
"S-146","Project S","29/07/2011","17/08/2011",14
,,,,
"A-392","Project A",,,0
,,,,
"S-147","Project S","30/09/2011","30/09/2011",1
,,,,
"S-148","Project S","17/08/2011","17/08/2011",1
,,,,
"S-149","Project S","10/08/2011","04/01/2012",1
,,,,
"S-150","Project S","10/08/2011","17/08/2011",6
,,,,
"S-151","Project S","17/08/2011","16/09/2011",20
,,,,
"A-393","Project A","11/08/2011","12/08/2011",1
,,,,
"C-134","Project C","15/08/2011","15/08/2011",1
,,,,
"S-152","Project S","12/10/2011","12/10/2011",1
,,,,
"C-135","Project C","16/08/2011",,0
,,,,
"A-394","Project A",,,0
,,,,
"A-395","Project A",,,0
,,,,
"S-153","Project S",,,0
,,,,
"A-397","Project A",,,0
,,,,
"A-398","Project A","13/09/2011","16/09/2011",1
,,,,
"A-399","Project A",,,0
,,,,
"S-154","Project S","16/09/2011","23/09/2011",1
,,,,
"S-155","Project S","23/09/2011","19/10/2011",1
,,,,
"A-400","Project A","13/09/2011","16/09/2011",1
,,,,
"S-156","Project S","07/10/2011","11/10/2011",1
,,,,
"S-157","Project S",,,0
,,,,
"C-136","Project C","02/09/2011","06/09/2011",3
,,,,
"S-158","Project S",,,0
,,,,
"A-401","Project A",,,0
,,,,
"S-159","Project S",,,0
,,,,
"S-160","Project S","06/09/2011","19/09/2011",1
,,,,
"A-402","Project A",,,0
,,,,
"C-137","Project C","16/09/2011","28/09/2011",1
,,,,
"A-403","Project A",,,0
,,,,
"A-404","Project A",,"13/09/2011",0
,,,,
"A-405","Project A",,,0
,,,,
"A-406","Project A","14/09/2011","23/09/2011",1
,,,,
"C-138","Project C",,"23/09/2011",0
,,,,
"A-407","Project A",,"23/09/2011",0
,,,,
"S-161","Project S","23/09/2011","27/09/2011",1
,,,,
"A-408","Project A",,,0
,,,,
"A-409","Project A",,,0
,,,,
"A-410","Project A","28/09/2011","28/09/2011",1
,,,,
"A-411","Project A",,,0
,,,,
"A-412","Project A","23/09/2011","27/09/2011",2
,,,,
"S-162","Project S","30/09/2011","30/09/2011",1
,,,,
"S-163","Project S","30/09/2011","30/09/2011",1
,,,,
"A-413","Project A",,,0
,,,,
"C-139","Project C",,"28/09/2011",0
,,,,
"S-164","Project S","26/10/2011","28/10/2011",1
,,,,
"S-165","Project S","30/09/2011","05/10/2011",4
,,,,
"A-414","Project A","30/09/2011","05/10/2011",1
,,,,
"A-415","Project A","04/10/2011","07/10/2011",1
,,,,
"S-166","Project S","04/10/2011","04/10/2011",1
,,,,
"C-140","Project C",,,0
,,,,
"A-416","Project A","07/10/2011","10/10/2011",1
,,,,
"S-167","Project S","07/10/2011","12/10/2011",4
,,,,
"S-168","Project S","13/10/2011","14/10/2011",1
,,,,
"S-169","Project S","18/10/2011","28/10/2011",7
,,,,
"S-170","Project S",,,0
,,,,
"A-417","Project A","06/10/2011","18/11/2011",1
,,,,
"S-171","Project S",,,0
,,,,
"A-418","Project A",,,0
,,,,
"A-419","Project A",,,0
,,,,
"S-172","Project S","07/10/2011","11/10/2011",3
,,,,
"A-420","Project A","07/10/2011","14/10/2011",5
,,,,
"A-421","Project A","13/10/2011","13/10/2011",1
,,,,
"A-422","Project A","10/10/2011","13/10/2011",4
,,,,
"A-423","Project A",,"17/11/2011",0
,,,,
"C-142","Project C",,,0
,,,,
"S-173","Project S","13/10/2011","14/10/2011",1
,,,,
"S-174","Project S","04/01/2012","04/01/2012",1
,,,,
"C-143","Project C","13/10/2011","14/10/2011",1
,,,,
"S-175","Project S",,,0
,,,,
"S-176","Project S",,,0
,,,,
"A-424","Project A",,,0
,,,,
"A-425","Project A",,,0
,,,,
"S-177","Project S","18/10/2011","18/10/2011",1
,,,,
"A-426","Project A","17/10/2011","18/11/2011",2
,,,,
"C-144","Project C",,,0
,,,,
"S-178","Project S",,,0
,,,,
"A-427","Project A","24/10/2011","24/10/2011",1
,,,,
"P-1","Project P","21/10/2011","21/10/2011",1
,,,,
"P-2","Project P","21/10/2011","21/10/2011",1
,,,,
"P-3","Project P","24/10/2011","24/10/2011",1
,,,,
"P-4","Project P","21/10/2011","21/10/2011",1
,,,,
"P-5","Project P","24/10/2011","24/10/2011",1
,,,,
"P-6","Project P","26/10/2011","26/10/2011",1
,,,,
"A-428","Project A",,,0
,,,,
"S-179","Project S","26/10/2011","11/11/2011",3
,,,,
"A-429","Project A","04/11/2011","10/11/2011",1
,,,,
"P-7","Project P","26/10/2011","26/10/2011",1
,,,,
"P-8","Project P","02/11/2011","14/11/2011",9
,,,,
"A-430","Project A",,,0
,,,,
"S-180","Project S","02/11/2011","10/11/2011",1
,,,,
"S-181","Project S","02/11/2011","11/11/2011",1
,,,,
"A-431","Project A","04/11/2011","10/11/2011",1
,,,,
"S-182","Project S","04/11/2011","11/11/2011",1
,,,,
"C-145","Project C",,,0
,,,,
"C-146","Project C","02/11/2011","14/11/2011",9
,,,,
"C-147","Project C","02/11/2011","02/11/2011",1
,,,,
"A-432","Project A","07/11/2011",,1
,,,,
"A-433","Project A","07/11/2011","07/11/2011",1
,,,,
"S-183","Project S",,,0
,,,,
"S-184","Project S",,,0
,,,,
"A-434","Project A","07/11/2011","14/11/2011",3
,,,,
"S-185","Project S","15/11/2011","15/11/2011",1
,,,,
"A-435","Project A","18/11/2011","04/01/2012",1
,,,,
"A-436","Project A","11/11/2011","11/11/2011",1
,,,,
"A-437","Project A",,,0
,,,,
"A-438","Project A","15/11/2011",,0
,,,,
"S-186","Project S",,,0
,,,,
"A-439","Project A","15/11/2011","17/11/2011",1
,,,,
"S-187","Project S","15/11/2011","15/11/2011",1
,,,,
"S-188","Project S","23/11/2011","24/11/2011",2
,,,,
"A-440","Project A","12/12/2011","15/12/2011",1
,,,,
"S-189","Project S",,"04/01/2012",0
,,,,
"A-441","Project A","23/11/2011","30/11/2011",1
,,,,
"A-442","Project A","18/11/2011","21/11/2011",1
,,,,
"A-443","Project A","16/11/2011","16/11/2011",1
,,,,
"A-444","Project A","16/11/2011","16/11/2011",1
,,,,
"C-148","Project C",,,0
,,,,
"C-149","Project C",,"21/11/2011",0
,,,,
"S-190","Project S","23/11/2011","04/01/2012",31
,,,,
"S-191","Project S",,,0
,,,,
"A-446","Project A","08/12/2011","08/12/2011",1
,,,,
"A-447","Project A","24/11/2011","30/11/2011",5
,,,,
"A-448","Project A","01/12/2011","12/12/2011",8
,,,,
"A-451","Project A",,,0
,,,,
"A-452","Project A",,,0
,,,,
"A-453","Project A","28/11/2011","29/11/2011",1
,,,,
"A-454","Project A","29/11/2011","30/11/2011",1
,,,,
"A-455","Project A",,,0
,,,,
"A-456","Project A",,,0
,,,,
"S-192","Project S","30/11/2011","30/11/2011",1
,,,,
"S-193","Project S","07/12/2011","07/12/2011",1
,,,,
"A-457","Project A","12/12/2011","12/12/2011",1
,,,,
"S-194","Project S",,,0
,,,,
"S-195","Project S","12/12/2011","12/12/2011",1
,,,,
"S-196","Project S","12/12/2011","12/12/2011",1
,,,,
"A-458","Project A","04/01/2012","06/01/2012",1
,,,,
"A-459","Project A",,,0
,,,,
"A-460","Project A","15/12/2011","15/12/2011",1
,,,,
"A-461","Project A","12/12/2011","12/12/2011",1
,,,,
"S-197","Project S","12/12/2011","12/12/2011",1
,,,,
"S-198","Project S","12/12/2011","12/12/2011",1
,,,,
"A-462","Project A",,,0
,,,,
"A-463","Project A",,,0
,,,,
"S-199","Project S",,"03/01/2012",0
,,,,
"S-200","Project S","22/02/2012","22/02/2012",1
,,,,
"S-201","Project S","15/12/2011","15/12/2011",1
,,,,
"A-464","Project A","16/01/2012","16/01/2012",1
,,,,
"A-465","Project A","04/01/2012","06/01/2012",3
,,,,
"A-466","Project A","15/12/2011","15/12/2011",1
,,,,
"S-202","Project S",,,0
,,,,
"A-467","Project A","04/01/2012","06/01/2012",1
,,,,
"S-203","Project S","12/01/2012","16/01/2012",1
,,,,
"C-150","Project C",,,0
,,,,
"S-204","Project S","20/12/2011",,1
,,,,
"A-468","Project A","20/12/2011","20/12/2011",1
,,,,
"A-469","Project A","05/01/2012","05/01/2012",1
,,,,
"S-205","Project S","04/01/2012",,1
,,,,
"A-470","Project A",,,0
,,,,
"A-471","Project A","04/01/2012","06/01/2012",1
,,,,
"A-472","Project A","06/01/2012",,0
,,,,
"S-206","Project S","04/01/2012","09/01/2012",1
,,,,
"A-473","Project A","28/02/2012","28/02/2012",1
,,,,
"A-474","Project A",,,0
,,,,
"A-475","Project A","19/01/2012","23/01/2012",1
,,,,
"S-207","Project S","17/01/2012","18/01/2012",2
,,,,
"S-208","Project S","19/01/2012","24/01/2012",1
,,,,
"A-476","Project A","22/02/2012","22/02/2012",1
,,,,
"S-209","Project S","10/01/2012",,1
,,,,
"S-210","Project S","10/01/2012","12/01/2012",1
,,,,
"C-151","Project C","10/01/2012","16/01/2012",4
,,,,
"S-211","Project S","10/01/2012","10/01/2012",1
,,,,
"S-212","Project S","10/01/2012","10/01/2012",1
,,,,
"A-477","Project A","19/01/2012","19/01/2012",1
,,,,
"A-478","Project A",,,0
,,,,
"S-213","Project S","17/01/2012","18/01/2012",2
,,,,
"S-214","Project S","18/01/2012","26/01/2012",1
,,,,
"S-215","Project S","12/01/2012","12/01/2012",1
,,,,
"A-479","Project A","12/01/2012","18/01/2012",2
,,,,
"A-480","Project A","24/01/2012",,5
,,,,
"S-216","Project S","13/01/2012","16/01/2012",2
,,,,
"A-481","Project A","16/01/2012","18/01/2012",3
,,,,
"F-1","Project F",,,0
,,,,
"F-2","Project F","13/01/2012","16/01/2012",1
,,,,
"F-3","Project F","13/01/2012","18/01/2012",4
,,,,
"S-217","Project S","17/01/2012","17/01/2012",1
,,,,
"A-482","Project A","17/01/2012","17/01/2012",1
,,,,
"S-218","Project S","19/01/2012","19/01/2012",1
,,,,
"S-219","Project S","18/01/2012","18/01/2012",1
,,,,
"F-4","Project F","01/02/2012","09/02/2012",7
,,,,
"F-5","Project F",,,0
,,,,
"S-220","Project S","18/01/2012","18/01/2012",1
,,,,
"S-221","Project S","18/01/2012","24/01/2012",1
,,,,
"A-483","Project A","17/01/2012","18/01/2012",2
,,,,
"S-222","Project S",,,0
,,,,
"S-223","Project S",,,0
,,,,
"A-484","Project A",,,0
,,,,
"A-485","Project A",,,0
,,,,
"A-486","Project A",,,0
,,,,
"A-487","Project A",,,0
,,,,
"S-224","Project S","23/01/2012","24/01/2012",1
,,,,
"A-488","Project A","19/01/2012","23/01/2012",1
,,,,
"A-489","Project A","24/01/2012","26/01/2012",1
,,,,
"A-490","Project A","19/01/2012","19/01/2012",1
,,,,
"A-491","Project A","23/01/2012","23/01/2012",1
,,,,
"A-492","Project A",,,0
,,,,
"A-493","Project A","25/01/2012",,4
,,,,
"A-494","Project A",,,0
,,,,
"A-495","Project A",,,0
,,,,
"S-225","Project S","24/01/2012","27/01/2012",1
,,,,
"S-226","Project S","20/01/2012",,0
,,,,
"S-227","Project S",,,0
,,,,
"S-228","Project S",,,0
,,,,
"S-229","Project S","23/01/2012","23/01/2012",1
,,,,
"S-230","Project S","23/01/2012","23/01/2012",1
,,,,
"S-231","Project S",,,0
,,,,
"F-6","Project F",,,0
,,,,
"A-496","Project A",,,0
,,,,
"A-497","Project A",,,0
,,,,
"S-232","Project S",,,0
,,,,
"S-233","Project S","25/01/2012","26/01/2012",1
,,,,
"A-498","Project A","02/04/2012","04/04/2012",1
,,,,
"A-499","Project A",,"26/01/2012",0
,,,,
"C-152","Project C","27/01/2012",,1
,,,,
"A-500","Project A","09/02/2012","09/02/2012",1
,,,,
"S-234","Project S","27/01/2012","27/01/2012",1
,,,,
"S-235","Project S","13/02/2012","22/02/2012",4
,,,,
"S-236","Project S","26/01/2012","26/01/2012",1
,,,,
"S-237","Project S","26/01/2012","26/01/2012",1
,,,,
"S-238","Project S",,,0
,,,,
"S-239","Project S","27/01/2012","27/01/2012",1
,,,,
"S-240","Project S","30/01/2012","30/01/2012",1
,,,,
"A-501","Project A",,,0
,,,,
"S-241","Project S",,,0
,,,,
"S-242","Project S","01/02/2012","03/02/2012",1
,,,,
"S-243","Project S",,,0
,,,,
"S-244","Project S","01/02/2012","01/02/2012",1
,,,,
"S-245","Project S",,,0
,,,,
"C-153","Project C","13/02/2012",,1
,,,,
"F-7","Project F","14/02/2012",,0
,,,,
"S-265","Project S","24/02/2012","24/02/2012",1
,,,,
"A-503","Project A",,,0
,,,,
"S-246","Project S",,,0
,,,,
"A-504","Project A","09/02/2012","09/02/2012",1
,,,,
"F-8","Project F","22/02/2012","22/02/2012",1
,,,,
"A-506","Project A","02/02/2012","02/02/2012",1
,,,,
"A-507","Project A","02/02/2012","03/02/2012",1
,,,,
"S-249","Project S",,,0
,,,,
"S-250","Project S",,,0
,,,,
"S-251","Project S",,,0
,,,,
"S-252","Project S",,,0
,,,,
"F-9","Project F","17/02/2012","17/02/2012",1
,,,,
"A-509","Project A","06/02/2012","10/02/2012",5
,,,,
"A-512","Project A","13/02/2012","22/02/2012",5
,,,,
"A-514","Project A","13/02/2012","13/02/2012",1
,,,,
"S-256","Project S","20/02/2012","22/02/2012",3
,,,,
"C-154","Project C",,,0
,,,,
"A-518","Project A","14/02/2012",,1
,,,,
"A-519","Project A",,,0
,,,,
"A-520","Project A",,,0
,,,,
"S-259","Project S",,,0
,,,,
"F-10","Project F","17/02/2012","17/02/2012",1
,,,,
"F-11","Project F","17/02/2012","22/02/2012",1
,,,,
"A-522","Project A",,,0
,,,,
"A-523","Project A","22/02/2012","22/02/2012",1
,,,,
"S-260","Project S","21/02/2012","23/02/2012",1
,,,,
"A-526","Project A",,,0
,,,,
"A-527","Project A",,,0
,,,,
"S-264","Project S","23/02/2012","23/02/2012",1
,,,,
"A-530","Project A",,,0
,,,,
"A-508","Project A",,,0
,,,,
"A-510","Project A",,,0
,,,,
"A-515","Project A",,,0
,,,,
"A-516","Project A","04/04/2012",,1
,,,,
"A-517","Project A","19/03/2012","23/03/2012",1
,,,,
"A-521","Project A",,,0
,,,,
"A-525","Project A",,,0
,,,,
"A-528","Project A","23/03/2012","23/03/2012",1
,,,,
"A-529","Project A","24/02/2012","29/02/2012",1
,,,,
"A-524","Project A",,,0
,,,,
"A-511","Project A",,,0
,,,,
"A-513","Project A",,,0
,,,,
"F-12","Project F",,,0
,,,,
"F-13","Project F",,,0
,,,,
"F-14","Project F",,,0
,,,,
"S-248","Project S",,,0
,,,,
"S-258","Project S",,,0
,,,,
"S-247","Project S",,,0
,,,,
"S-261","Project S",,,0
,,,,
"S-263","Project S",,,0
,,,,
"S-255","Project S",,,0
,,,,
"S-262","Project S",,,0
,,,,
"S-266","Project S","24/02/2012","29/02/2012",1
,,,,
"A-531","Project A","02/03/2012","07/03/2012",1
,,,,
"A-532","Project A","28/02/2012","28/02/2012",1
,,,,
"A-533","Project A","28/02/2012","09/03/2012",8
,,,,
"S-267","Project S",,,0
,,,,
"A-534","Project A","29/02/2012","29/02/2012",1
,,,,
"S-268","Project S","02/03/2012",,0
,,,,
"A-535","Project A","29/02/2012","01/03/2012",2
,,,,
"A-536","Project A",,,0
,,,,
"A-537","Project A",,,0
,,,,
"A-538","Project A","08/03/2012","09/03/2012",1
,,,,
"A-539","Project A","13/03/2012","14/03/2012",1
,,,,
"A-540","Project A","09/03/2012","09/03/2012",1
,,,,
"S-269","Project S",,"07/03/2012",0
,,,,
"S-270","Project S","07/03/2012",,1
,,,,
"A-541","Project A","14/03/2012","14/03/2012",1
,,,,
"S-271","Project S",,,0
,,,,
"S-272","Project S",,,0
,,,,
"S-273","Project S",,,0
,,,,
"S-274","Project S","13/03/2012","14/03/2012",1
,,,,
"A-542","Project A","09/03/2012","09/03/2012",1
,,,,
"A-543","Project A",,,0
,,,,
"S-275","Project S","13/03/2012",,0
,,,,
"S-276","Project S","27/03/2012","27/03/2012",1
,,,,
"S-277","Project S","03/04/2012",,1
,,,,
"C-155","Project C","14/03/2012","15/03/2012",1
,,,,
"A-544","Project A","14/03/2012","15/03/2012",1
,,,,
"F-15","Project F","28/03/2012","29/03/2012",2
,,,,
"F-16","Project F",,,0
,,,,
"F-17","Project F",,,0
,,,,
"S-278","Project S","14/03/2012","15/03/2012",1
,,,,
"A-545","Project A","19/03/2012","28/03/2012",7
,,,,
"A-546","Project A","27/03/2012","28/03/2012",1
,,,,
"A-547","Project A","27/03/2012",,4
,,,,
"S-279","Project S",,,0
,,,,
"S-280","Project S","22/03/2012","22/03/2012",1
,,,,
"A-548","Project A",,,0
,,,,
"A-549","Project A",,"21/03/2012",0
,,,,
"S-281","Project S","27/03/2012","27/03/2012",1
,,,,
"S-282","Project S","22/03/2012","22/03/2012",1
,,,,
"A-550","Project A","27/03/2012","29/03/2012",1
,,,,
"A-551","Project A",,,0
,,,,
"S-283","Project S",,,0
,,,,
"S-284","Project S",,,0
,,,,
"S-285","Project S",,,0
,,,,
"S-286","Project S",,,0
,,,,
"F-18","Project F","04/04/2012",,0
,,,,
"A-552","Project A","02/04/2012","03/04/2012",1
,,,,
"A-553","Project A","29/03/2012",,0
,,,,
"A-554","Project A",,,0
,,,,
"C-156","Project C","04/04/2012","04/04/2012",1
,,,,
"A-555","Project A","02/04/2012","04/04/2012",1
,,,,
"S-287","Project S","04/04/2012",,0
,,,,
"C-157","Project C","10/04/2012",,0
,,,,
"A-556","Project A","04/04/2012",,0
,,,,
"S-288","Project S",,,0
